ID,Name,Age,Score,City
1,Sheryl Baxter,48,42,East Leonard
2,Preston Lozano,47,77,East Jimmychester
3,Roy Berry,22,43,Isabelborough
4,Linda Olsen,39,76,Bensonview
5,Joanna Bender,33,65,West Priscilla
6,Aimee Downs,38,65,Chavezborough
7,Darren Peck,44,72,Lake Ana
8,Brett Mullen,58,66,Kimport
9,Sheryl Meyers,36,68,Robersonstad
10,Michelle Gallagher,24,42,Elaineberg
11,Carl Schroeder,22,63,Shannonville
12,Jenna Dodson,40,43,East Andrea
13,Tracey Mata,43,57,South Joannamouth
14,Kristine Cox,48,45,Jodyberg
15,Faith Lutz,20,50,Burchbury
16,Miranda Beasley,49,80,Desireeshire
17,Caroline Foley,58,73,West Adriennestad
18,Greg Mata,38,59,Lake Leslie
19,Clifford Jacobson,47,56,Harmonview
20,Joanna Kirk,39,61,Jamesshire
21,Maxwell Frye,36,69,East Carly
22,Kiara Houston,56,76,South Alvin
23,Colleen Howard,22,74,Brittanyview
24,Janet Valenzuela,54,77,Veronicamouth
25,Shane Wilcox,29,58,Bryanville
26,Marcus Moody,44,51,Kaitlyntown
27,Dakota Poole,44,66,Michealshire
28,Frederick Harper,49,72,South Marissatown
29,Stefanie Fitzpatrick,32,70,Acevedoville
30,Kent Bradshaw,41,49,North Harold
31,Jack Tate,56,42,West Samuel
32,Tom Trujillo,28,43,Cunninghamborough
33,Gabriel Mejia,45,74,Port Annatown
34,Kaitlyn Santana,39,61,New Kaitlyn
35,Faith Moon,39,76,West Marthaburgh
36,Tammie Haley,55,66,East Teresa
37,Nicholas Sosa,54,45,South Hunter
38,Jordan Gay,44,65,South Walter
39,Bruce Esparza,43,72,Poolefurt
40,Sherry Garza,21,80,West John
41,Natalie Gentry,40,62,West Darius
42,Bryan Dunn,30,52,North Jimstad
43,Wayne Simpson,60,46,East Rebekahborough
44,Luis Greer,54,68,North Drew
45,Rhonda Frost,48,55,Lake Lindaburgh
46,Joanne Montes,29,60,Gwendolynview
47,Geoffrey Guzman,47,44,Zimmermanland
48,Gloria Mccall,28,60,North Kerriton
49,Brady Cohen,45,51,North Eileenville
50,Latoya Mccann,59,45,Port Sergiofort
51,Gerald Hawkins,29,45,New Alberttown
52,Samuel Crawford,60,71,South Jasmine
53,Patricia Goodwin,22,74,Cowanfort
54,Stacie Richard,38,63,New Deborah
55,Robin West,25,43,Wallstown
56,Ralph Haas,41,51,Lake Ellenchester
57,Phyllis Maldonado,42,61,Lake Whitney
58,Danny Parrish,27,63,East Jaredbury
59,Kathy Hill,43,60,Selenabury
60,Kelli Hardy,55,47,Huangfort
61,Lynn Pham,53,72,East Pennyshire
62,Shelley Harris,50,60,Port Jasminborough
63,Eddie Jimenez,55,64,West Kristine
64,Chloe Hutchinson,37,50,South Julia
65,Eileen Lynch,31,51,Helenborough
66,Fernando Lambert,44,68,Lake Nancy
67,Makayla Cannon,44,77,Georgeport
68,Tom Alvarado,46,65,South Sophiaberg
69,Virginia Dudley,43,47,Hartbury
70,Riley Good,30,60,Erikaville
71,Alexandria Buck,41,80,Nicolasfort
72,Richard Roth,41,63,New Jasmineshire
73,Candice Keller,20,76,East Summerstad
74,Anita Benson,40,60,Skinnerport
75,Regina Stein,38,60,Raystad
76,Debra Riddle,30,48,Colinhaven
77,Brittany Zuniga,54,73,West Reginald
78,Cassidy Mcmahon,21,80,Lake Sherryborough
79,Laurie Pennington,20,58,Port Katherineville
80,Alejandro Blair,25,41,Thomasland
81,Leslie Jennings,36,50,Coreybury
82,Kathleen Mckay,47,73,Lake Janiceton
83,Hunter Moreno,20,60,East Clinton
84,Chad Davidson,27,50,South Joshuashire
85,Corey Holt,23,57,New Glenda
86,Emma Cunningham,30,44,North Jillianview
87,Duane Woods,59,57,Lyonsberg
88,Alison Vargas,22,79,East Cristinabury
89,Vernon Kane,36,75,Thomasfurt
90,Lori Flowers,52,74,North Joeburgh
91,Nina Chavez,48,52,Cassidychester
92,Shane Foley,33,46,South Dannymouth
93,Collin Ayers,43,60,South Lonnie
94,Sherry Young,22,66,Frankchester
95,Darrell Douglas,24,80,Daisyborough
96,Karl Greer,54,49,East Richard
97,Lynn Atkinson,33,53,New Bradview
98,Fred Guerra,40,60,Ortegaland
99,Yvonne Farmer,45,44,Lake Elijahview
100,Clarence Haynes,39,42,Judymouth